{"((21, 1), 'Stand')": 0.9, "((20, 0), 'Hit')": -4.05, "((9, 0), 'Hit')": 0.81, "((19, 0), 'Stand')": 0.9, "((10, 0), 'Stand')": -0.24300000000000002, "((9, 0), 'Stand')": -0.24300000000000002, "((18, 0), 'Hit')": -3.15, "((18, 0), 'Stand')": -0.054, "((12, 0), 'Stand')": -0.108, "((16, 0), 'Hit')": -1.8, "((16, 1), 'Hit')": -2.25, "((14, 0), 'Hit')": -1.62, "((15, 1), 'Hit')": -1.8, "((13, 0), 'Hit')": -0.9, "((16, 0), 'Stand')": 0.9, "((15, 0), 'Hit')": -1.35, "((21, 0), 'Hit')": -0.9, "((15, 0), 'Stand')": -0.135, "((17, 0), 'Hit')": -1.8, "((6, 0), 'Hit')": 0.81, "((10, 0), 'Hit')": -1.215, "((11, 0), 'Hit')": -0.405, "((17, 0), 'Stand')": 0.9, "((20, 0), 'Stand')": 0.9, "((13, 0), 'Stand')": -0.216, "((17, 1), 'Hit')": -2.7, "((14, 0), 'Stand')": 0.9, "((12, 0), 'Hit')": -0.45, "((13, 1), 'Hit')": -0.9, "((16, 1), 'Stand')": 0.9, "((14, 1), 'Hit')": -0.405, "((20, 1), 'Hit')": -3.24, "((19, 1), 'Hit')": -3.6, "((15, 1), 'Stand')": -0.081, "((13, 1), 'Stand')": -0.162, "((8, 0), 'Hit')": -0.21870000000000003, "((17, 1), 'Stand')": -0.108, "((11, 0), 'Stand')": -0.189, "((21, 0), 'Stand')": 0.9, "((19, 0), 'Hit')": -0.45, "((8, 0), 'Stand')": -0.324, "((5, 0), 'Hit')": -0.21870000000000003, "((20, 1), 'Stand')": 0.9, "((18, 1), 'Hit')": -3.15, "((19, 2), 'Hit')": -0.45, "((15, 2), 'Hit')": -0.405, "((17, 2), 'Hit')": -0.45, "((12, 2), 'Hit')": -0.45, "((14, 2), 'Hit')": -2.835, "((17, 2), 'Stand')": -0.054, "((7, 0), 'Hit')": 0.81, "((19, 1), 'Stand')": -0.054, "((5, 0), 'Stand')": -0.40499999999999997, "((6, 0), 'Stand')": -0.35100000000000003, "((7, 0), 'Stand')": -0.297, "((4, 0), 'Hit')": -0.1458, "((18, 1), 'Stand')": -0.081, "((12, 1), 'Hit')": -0.45, "((14, 1), 'Stand')": 0.9, "((4, 0), 'Stand')": -0.378, "((16, 2), 'Hit')": 0.0, "((14, 2), 'Stand')": -0.162, "((12, 2), 'Stand')": -0.108, "((21, 2), 'Hit')": -4.05, "((20, 2), 'Hit')": -0.0486, "((15, 2), 'Stand')": 0.9, "((18, 2), 'Hit')": -3.15}