{"((19, 0), 'Stand')": -0.029699999999999997, "((11, 0), 'Hit')": -4.9005, "((13, 0), 'Stand')": 0.99, "((13, 0), 'Hit')": -0.495, "((18, 0), 'Hit')": -3.465, "((19, 1), 'Stand')": 0.99, "((19, 1), 'Hit')": -2.475, "((16, 0), 'Hit')": -1.9602, "((21, 0), 'Hit')": -4.95, "((15, 0), 'Stand')": -0.1485, "((4, 0), 'Hit')": 0.0, "((7, 0), 'Stand')": -0.4158, "((17, 0), 'Hit')": -2.475, "((20, 0), 'Stand')": 0.99, "((20, 1), 'Stand')": 0.99, "((19, 0), 'Hit')": -3.96, "((14, 1), 'Stand')": 0.99, "((17, 1), 'Hit')": -0.235224, "((20, 1), 'Hit')": -0.088209, "((21, 2), 'Hit')": -2.9699999999999998, "((14, 0), 'Stand')": -0.11879999999999999, "((14, 0), 'Hit')": -1.4849999999999999, "((12, 0), 'Hit')": -0.495, "((10, 0), 'Hit')": -0.058806, "((15, 0), 'Hit')": -0.99, "((11, 0), 'Stand')": -0.23759999999999998, "((18, 1), 'Stand')": -0.059399999999999994, "((18, 1), 'Hit')": -0.99, "((9, 0), 'Hit')": -0.49005, "((12, 0), 'Stand')": 0.99, "((6, 0), 'Hit')": 0.9801, "((8, 0), 'Hit')": -0.029403, "((17, 0), 'Stand')": 0.99, "((12, 2), 'Stand')": -0.1782, "((18, 0), 'Stand')": -0.059399999999999994, "((21, 1), 'Stand')": 0.99, "((12, 1), 'Stand')": -0.23759999999999998, "((20, 0), 'Hit')": -3.96, "((5, 0), 'Hit')": -0.058806, "((8, 0), 'Stand')": -0.297, "((6, 0), 'Stand')": -0.3861, "((15, 1), 'Hit')": -0.495, "((13, 0), None)": -0.176418, "((15, 1), 'Stand')": -0.11879999999999999, "((16, 0), 'Stand')": -0.11879999999999999, "((21, 0), 'Stand')": 0.99, "((16, 0), None)": -0.088209, "((5, 0), 'Stand')": -0.3564, "((12, 1), 'Hit')": 0.0, "((16, 1), 'Hit')": -0.205821, "((13, 1), 'Hit')": -0.99, "((10, 0), 'Stand')": -0.297, "((7, 0), 'Hit')": -0.088209, "((17, 1), 'Stand')": 0.99, "((13, 1), 'Stand')": -0.1485, "((9, 0), 'Stand')": -0.3564, "((4, 0), 'Stand')": -0.5049, "((14, 1), 'Hit')": -0.495, "((21, 1), 'Hit')": -0.117612, "((16, 1), 'Stand')": 0.99, "((12, 2), 'Hit')": -0.495, "((14, 2), 'Hit')": -0.99}