{"((19, 0), 'Stand')": -0.029699999999999997, "((13, 0), 'Stand')": 0.99, "((17, 0), 'Hit')": -2.9699999999999998, "((21, 1), 'Hit')": -0.176418, "((17, 1), 'Stand')": 0.99, "((12, 0), 'Stand')": 0.99, "((6, 0), 'Hit')": 0.0, "((8, 0), 'Hit')": 0.9801, "((19, 1), 'Stand')": -0.059399999999999994, "((14, 0), 'Stand')": -0.11879999999999999, "((18, 0), 'Stand')": -0.029699999999999997, "((17, 1), 'Hit')": -2.9699999999999998, "((21, 1), 'Stand')": 0.99, "((10, 0), 'Stand')": -0.26730000000000004, "((9, 0), 'Hit')": -0.029403, "((19, 0), 'Hit')": -2.9699999999999998, "((15, 0), 'Hit')": -1.4849999999999999, "((17, 0), 'Stand')": 0, "((16, 0), 'Hit')": -2.475, "((15, 0), 'Stand')": -0.11879999999999999, "((16, 1), 'Hit')": -0.49005, "((14, 1), 'Hit')": -1.4849999999999999, "((13, 0), 'Hit')": -0.99, "((20, 0), 'Hit')": -1.98, "((5, 0), 'Hit')": 0.0, "((10, 0), 'Hit')": -0.14701499999999998, "((20, 0), 'Stand')": 0.99, "((11, 0), 'Stand')": 0.99, "((15, 1), 'Hit')": -0.49005, "((18, 0), 'Hit')": -3.465, "((12, 0), 'Hit')": -0.495, "((12, 1), 'Hit')": -0.495, "((16, 0), 'Stand')": 0.99, "((4, 0), 'Stand')": -0.44549999999999995, "((18, 1), 'Stand')": 0.99, "((14, 0), 'Hit')": -3.43035, "((21, 0), 'Hit')": -3.96, "((15, 1), 'Stand')": 0.99, "((6, 0), 'Stand')": -0.32669999999999993, "((13, 1), 'Hit')": -0.99, "((16, 1), 'Stand')": -0.0891, "((4, 0), 'Hit')": -0.205821, "((8, 0), 'Stand')": -0.32669999999999993, "((13, 1), 'Stand')": -0.23759999999999998, "((19, 1), 'Hit')": -3.465, "((21, 0), 'Stand')": 0.99, "((20, 1), 'Hit')": -3.465, "((12, 2), 'Hit')": -0.495, "((15, 2), 'Hit')": -4.9005, "((18, 2), 'Hit')": 0.0, "((20, 2), 'Hit')": -3.96, "((21, 2), 'Hit')": -4.95, "((18, 1), 'Hit')": -0.14701499999999998, "((9, 0), 'Stand')": -0.3564, "((14, 1), 'Stand')": -0.1782, "((13, 3), 'Hit')": 0.0, "((18, 3), 'Hit')": -1.4849999999999999, "((16, 3), 'Hit')": -1.4701499999999998, "((20, 1), 'Stand')": 0.99, "((11, 0), 'Hit')": -3.9204, "((7, 0), 'Hit')": -0.14701499999999998, "((7, 0), 'Stand')": -0.3564, "((20, 2), 'Stand')": 0, "((19, 2), 'Hit')": -0.49005, "((14, 2), 'Hit')": -0.495, "((14, 2), 'Stand')": -0.2079, "((5, 0), 'Stand')": -0.47519999999999996, "((12, 2), 'Stand')": 0.99, "((19, 3), 'Hit')": 0.0, "((21, 3), 'Hit')": -4.455}