{"((20, 0), 'Stand')": -0.09000000000000001, "((15, 0), 'Hit')": -1.8, "((19, 0), 'Hit')": -0.45, "((20, 0), 'Hit')": -3.6, "((13, 0), 'Stand')": -0.6300000000000001, "((15, 0), 'Stand')": -0.5400000000000001, "((19, 0), 'Stand')": 0.9, "((12, 0), 'Hit')": -2.43, "((11, 0), 'Hit')": -0.08100000000000002, "((13, 0), 'Hit')": -0.9, "((4, 0), 'Hit')": 0.0, "((8, 0), 'Hit')": -1.215, "((14, 0), 'Hit')": -1.35, "((21, 1), 'Hit')": -1.8, "((14, 1), 'Stand')": 0.9, "((5, 0), 'Hit')": -0.16200000000000003, "((9, 0), 'Hit')": -0.32400000000000007, "((13, 1), 'Hit')": -2.835, "((19, 1), 'Hit')": -3.15, "((17, 0), 'Hit')": -2.25, "((13, 1), 'Stand')": -0.45, "((15, 1), 'Hit')": -1.8, "((17, 0), 'Stand')": 0.9, "((12, 0), 'Stand')": 0.9, "((16, 0), 'Hit')": -1.8, "((6, 0), 'Hit')": -0.405, "((9, 0), 'Stand')": -0.81, "((11, 0), 'Stand')": -0.9, "((14, 0), 'Stand')": -0.5400000000000001, "((15, 1), 'Stand')": 0.9, "((18, 0), 'Hit')": -1.35, "((21, 1), 'Stand')": 0.9, "((8, 0), 'Stand')": 0.9, "((10, 0), 'Hit')": 0.81, "((19, 1), 'Stand')": 0.9, "((18, 0), 'Stand')": 0.9, "((18, 1), 'Hit')": -2.025, "((17, 1), 'Hit')": -2.25, "((16, 0), 'Stand')": -0.36000000000000004, "((7, 0), 'Hit')": 0.81, "((18, 1), 'Stand')": 0.9, "((5, 0), 'Stand')": -1.1700000000000002, "((21, 0), 'Hit')": -2.7, "((16, 1), 'Hit')": -0.5670000000000002, "((6, 0), 'Stand')": -0.9900000000000001, "((17, 1), 'Stand')": -0.2700000000000001, "((16, 1), 'Stand')": -0.09000000000000001, "((10, 0), 'Stand')": -0.9, "((7, 0), 'Stand')": -0.9, "((20, 1), 'Hit')": -3.6, "((14, 1), 'Hit')": -1.35, "((20, 1), 'Stand')": 0, "((4, 0), 'Stand')": -1.2600000000000002, "((15, 2), 'Hit')": -0.405, "((13, 2), 'Hit')": -0.9, "((21, 0), 'Stand')": 0.9, "((12, 2), 'Hit')": -0.16200000000000003, "((17, 2), 'Hit')": -0.9, "((15, 2), 'Stand')": -0.36000000000000004, "((12, 2), 'Stand')": -0.81, "((12, 1), 'Hit')": 0.81, "((21, 2), 'Hit')": -4.5, "((12, 1), 'Stand')": -0.81, "((17, 2), 'Stand')": -0.18000000000000002, "((14, 2), 'Hit')": 0.81, "((18, 2), 'Hit')": -0.9, "((13, 2), 'Stand')": -0.6300000000000001, "((18, 2), 'Stand')": 0.9}